image_path,tags
100/train/00002.jpg,C
100/train/00003.jpg,C
100/train/00004.jpg,B
100/train/00005.jpg,A
100/train/00007.jpg,A
100/train/00008.jpg,B
100/train/00009.jpg,A
100/train/00010.jpg,A
100/train/00012.jpg,A
100/train/00013.jpg,B
100/train/00014.jpg,A
100/train/00015.jpg,A
100/train/00017.jpg,A
100/train/00018.jpg,A
100/train/00019.jpg,A
100/train/00020.jpg,B
100/train/00021.jpg,B
100/train/00022.jpg,C
100/train/00023.jpg,B
100/train/00024.jpg,C
100/train/00026.jpg,B
100/train/00029.jpg,C
100/train/00030.jpg,A
100/train/00031.jpg,B
100/train/00032.jpg,B
100/train/00036.jpg,A
100/train/00037.jpg,A
100/train/00038.jpg,B
100/train/00039.jpg,C
100/train/00040.jpg,B
100/train/00041.jpg,C
100/train/00044.jpg,B
100/train/00045.jpg,A
100/train/00048.jpg,C
100/train/00049.jpg,A
100/train/00053.jpg,C
100/train/00054.jpg,C
100/train/00055.jpg,B
100/train/00056.jpg,C
100/train/00057.jpg,C
100/train/00058.jpg,A
100/train/00061.jpg,A
100/train/00062.jpg,B
100/train/00063.jpg,B
100/train/00064.jpg,B
100/train/00065.jpg,C
100/train/00067.jpg,C
100/train/00068.jpg,A
100/train/00071.jpg,B
100/train/00072.jpg,C
100/train/00075.jpg,A
100/train/00076.jpg,B
100/train/00077.jpg,A
100/train/00080.jpg,B
100/train/00081.jpg,B
100/train/00084.jpg,B
100/train/00085.jpg,B
100/train/00086.jpg,A
100/train/00087.jpg,B
100/train/00089.jpg,B
100/train/00091.jpg,B
100/train/00092.jpg,A
100/train/00093.jpg,A
100/train/00094.jpg,C
100/train/00096.jpg,B
100/train/00097.jpg,B
100/train/00099.jpg,B
100/train/00100.jpg,B
100/train/00101.jpg,B
100/train/00102.jpg,A
100/train/00103.jpg,B
100/train/00104.jpg,B
100/train/00105.jpg,B
100/train/00107.jpg,B
100/train/00108.jpg,B
100/train/00109.jpg,B
100/train/00110.jpg,C
100/train/00112.jpg,A
100/train/00113.jpg,A
100/train/00115.jpg,A
100/train/00116.jpg,C
100/train/00117.jpg,B
100/train/00118.jpg,C
100/train/00121.jpg,A
100/train/00122.jpg,A
100/train/00123.jpg,A
100/train/00125.jpg,A
100/train/00126.jpg,B
100/train/00127.jpg,B
100/train/00128.jpg,B
100/train/00131.jpg,A
100/train/00132.jpg,B
100/train/00133.jpg,B
100/train/00134.jpg,C
100/train/00136.jpg,C
100/train/00139.jpg,C
100/train/00140.jpg,A
100/train/00142.jpg,C
100/train/00143.jpg,B
100/train/00144.jpg,C
