id,breed
00002.jpg,C
00003.jpg,C
00004.jpg,B
00005.jpg,A
00007.jpg,A
00008.jpg,B
00009.jpg,A
00010.jpg,A
00012.jpg,A
00013.jpg,B
00014.jpg,A
00015.jpg,A
00017.jpg,A
00018.jpg,A
00019.jpg,A
00020.jpg,B
00021.jpg,B
00022.jpg,C
00023.jpg,B
00024.jpg,C
00026.jpg,B
00029.jpg,C
00030.jpg,A
00031.jpg,B
00032.jpg,B
00036.jpg,A
00037.jpg,A
00038.jpg,B
00039.jpg,C
00040.jpg,B
00041.jpg,C
00044.jpg,B
00045.jpg,A
00048.jpg,C
00049.jpg,A
00053.jpg,C
00054.jpg,C
00055.jpg,B
00056.jpg,C
00057.jpg,C
00058.jpg,A
00061.jpg,A
00062.jpg,B
00063.jpg,B
00064.jpg,B
00065.jpg,C
00067.jpg,C
00068.jpg,A
00071.jpg,B
00072.jpg,C
00075.jpg,A
00076.jpg,B
00077.jpg,A
00080.jpg,B
00081.jpg,B
00084.jpg,B
00085.jpg,B
00086.jpg,A
00087.jpg,B
00089.jpg,B
00091.jpg,B
00092.jpg,A
00093.jpg,A
00094.jpg,C
00096.jpg,B
00097.jpg,B
00099.jpg,B
00100.jpg,B
00101.jpg,B
00102.jpg,A
00103.jpg,B
00104.jpg,B
00105.jpg,B
00107.jpg,B
00108.jpg,B
00109.jpg,B
00110.jpg,C
00112.jpg,A
00113.jpg,A
00115.jpg,A
00116.jpg,C
00117.jpg,B
00118.jpg,C
00121.jpg,A
00122.jpg,A
00123.jpg,A
00125.jpg,A
00126.jpg,B
00127.jpg,B
00128.jpg,B
00131.jpg,A
00132.jpg,B
00133.jpg,B
00134.jpg,C
00136.jpg,C
00139.jpg,C
00140.jpg,A
00142.jpg,C
00143.jpg,B
00144.jpg,C